,COD,UF,Gini_RD,Gini_RP,RendaMedia,RendaMedia2010
0,12,ac,0.6233459728432815,0.5800701372846113,180.13,358.79
1,27,al,0.6614976441129687,0.6047106796864716,139.23,277.34
